,id_str,score,text
127,927851452185407490,-1.0,....and has been horrible on Virginia economy. Vote @EdWGillespie today!
192,925806343855984647,-0.9,We mourn the horrifying terrorist attack in NYC. All of America is praying and grieving for the families who lost t‚Ä¶ https://t.co/gnCvusZ0Ud
238,931882044044529665,-0.9,"RT @piersmorgan: BOOM! Thank you, Mr President. Trophy-hunting is repellent. https://t.co/iEPfEQNX4t"
21,924639422066384896,-0.8999999999999999,"...""collusion,"" which doesn't exist. The Dems are using this terrible (and bad for our country) Witch Hunt for evil politics, but the R's..."
246,931357870024687616,-0.6999999999999998,"The Al Frankenstien picture is really bad, speaks a thousand words. Where do his hands go in pictures 2, 3, 4, 5 &amp; 6 while she sleeps? ....."
81,922798321739161600,-0.6999999999999998,"Bob Corker, who helped President O give us the bad Iran Deal &amp; couldn't get elected dog catcher in Tennessee, is now fighting Tax Cuts...."
261,930748627642998784,-0.5,"While in the Philippines I was forced to watch @CNN, which I have not done in months, and again realized how bad, and FAKE, it is. Loser!"
138,927644826006425601,-0.5,"The state of Virginia economy, under Democrat rule, has been terrible. If you vote Ed Gillespie tomorrow, it will come roaring back!"
2,925474979914887168,-0.4642857142857143,"In NYC, looks like another attack by a very sick and deranged person. Law enforcement is following this closely. NOT IN THE U.S.A.!"
10,925364408364171265,-0.4375,"....earth shattering. He and his brother could Drain The Swamp, which would be yet another campaign promise fulfilled. Fake News weak!"
95,921828280998744066,-0.4,"Officials behind the now discredited ""Dossier"" plead the Fifth. Justice Department and/or FBI should immediately release who paid for it."
107,928793643367960576,-0.4,"I am leaving China for #APEC2017 in Vietnam. @FLOTUS Melania is staying behind to see the zoo, and of course, the G‚Ä¶ https://t.co/j2kDjWvnsj"
23,924635359480303616,-0.39999999999999997,"Never seen such Republican ANGER &amp; UNITY as I have concerning the lack of investigation on Clinton made Fake Dossier (now $12,000,000?),...."
26,924400308834455552,-0.3041666666666667,While not at all presidential I must point out that the Sloppy Michael Moore Show on Broadway was a TOTAL BOMB and was forced to close. Sad!
201,934080974773776384,-0.3,Horrible and cowardly terrorist attack on innocent and defenseless worshipers in Egypt. The world cannot tolerate t‚Ä¶ https://t.co/73hMjYKjMI
232,932420488642617344,-0.3,"Border Patrol Officer killed at Southern Border, another badly hurt. We will seek out and bring to justice those re‚Ä¶ https://t.co/rgYCrqyrR9"
49,923720632122200064,-0.3,"WORKING TOGETHER, we will defeat this #OpioidEpidemic &amp; free our nation from the terrible affliction of drug abuse.‚Ä¶ https://t.co/Mw8xZxOEUn"
255,930840960346611712,-0.29333333333333333,It is actually hard to believe how naive (or dumb) the Failing @nytimes is when it comes to foreign policy...weak and ineffective!
78,922828476872318976,-0.2916666666666667,"Sen. Corker is the incompetent head of the Foreign Relations Committee, &amp; look how poorly the U.S. has done. He doesn't have a clue as....."
122,928074747316928513,-0.2916666666666667,"Ed Gillespie worked hard but did not embrace me or what I stand for. Don‚Äôt forget, Republicans won 4 out of 4 House‚Ä¶ https://t.co/HODixMtPNw"
260,930750650010480640,-0.2916666666666667,"Thank you, working hard! https://t.co/TmNdNPBJ3m"
73,923147501418446849,-0.2875,"""Clinton campaign &amp; DNC paid for research that led to the anti-Trump Fake News Dossier. The victim here is the President."" @FoxNews"
14,925333956110757888,-0.275,"The Fake News is working overtime. As Paul Manaforts lawyer said, there was ""no collusion"" and events mentioned took place long before he..."
114,928279728125108225,-0.25,NoKo has interpreted America's past restraint as weakness. This would be a fatal miscalculation. Do not underestima‚Ä¶ https://t.co/3ZqTpo7GrT
118,928098389966942208,-0.25,Anyone who doubts the strength or determination of the U.S. should look to our past....and you will doubt it no lon‚Ä¶ https://t.co/n1Dc7xNmcg
109,928769154345324544,-0.25,"I don‚Äôt blame China, I blame the incompetence of past Admins for allowing China to take advantage of the U.S. on tr‚Ä¶ https://t.co/zql9WFEZlF"
285,929509950811881472,-0.25,"Does the Fake News Media remember when Crooked Hillary Clinton, as Secretary of State, was begging Russia to be our‚Ä¶ https://t.co/0QnLU03c03"
16,925005659569041409,-0.25,"Sorry, but this is years ago, before Paul Manafort was part of the Trump campaign. But why aren't Crooked Hillary &amp; the Dems the focus?????"
231,932433668068528131,-0.21458333333333335,Republican Senators are working very hard to get Tax Cuts and Tax Reform approved. Hopefully it will not be long an‚Ä¶ https://t.co/m0GyFBDPkQ
86,922072236592435200,-0.209375,"It is finally sinking through. 46% OF PEOPLE BELIEVE MAJOR NATIONAL NEWS ORGS FABRICATE STORIES ABOUT ME. FAKE NEWS, even worse! Lost cred."
134,927673257230327808,-0.2,....Some of those they are harshly treating have been ‚Äúmilking‚Äù their country for years!
39,923976737788227584,-0.2,We are inspired by the stories of everyday heroes who pull their communities from the depths of despair through lea‚Ä¶ https://t.co/QsxRShJWmQ
242,931538234169069568,-0.2,"Together, we're going to restore safety to our streets and peace to our communities, and we're going to destroy the‚Ä¶ https://t.co/hAY44qICh6"
94,921829947093733376,-0.19999999999999998,"Keep hearing about ""tiny"" amount of money spent on Facebook ads. What about the billions of dollars of Fake News on CNN, ABC, NBC &amp; CBS?"
32,924251519121346560,-0.19999999999999996,Just read the nice remarks by President Jimmy Carter about me and how badly I am treated by the press (Fake News). Thank you Mr. President!
233,932397369655808001,-0.1947916666666667,Big-game trophy decision will be announced next week but will be very hard pressed to change my mind that this horr‚Ä¶ https://t.co/HgHgIVikj3
129,927847471321141249,-0.18958333333333335,"....is making. Working very hard on TAX CUTS for the middle class, companies and jobs!"
200,934131805409697792,-0.18333333333333335,"Will be calling the President of Egypt in a short while to discuss the tragic terrorist attack, with so much loss o‚Ä¶ https://t.co/dG2jNyaok9"
203,934029886842458112,-0.175,Will be speaking to President Recep Tayyip Erdogan of Turkey this morning about bringing peace to the mess that I i‚Ä¶ https://t.co/1PLdvtd5rj
156,926460439000698880,-0.15555555555555559,"Just took off for ceremony @ Pearl Harbor. Will then be heading to Japan, SKorea, China, Vietnam &amp; the Philippines. Will never let you down!"
80,922799981874089985,-0.15,"...Corker dropped out of the race in Tennesse when I refused to endorse him, and now is only negative on anything Trump. Look at his record!"
3,925447637708496897,-0.13518518518518519,"U.S. COAL PRODUCTION
Upüìà7.8% past year. 
Downüìâ31.5% last 10 years. 
#EndingWarOnCoal https://t.co/xr20OBb2DV"
240,931685146415255552,-0.13333333333333333,Put big game trophy decision on hold until such time as I review all conservation facts. Under study for years. Wil‚Ä¶ https://t.co/HalVQryMu4
37,924022268929433600,-0.125,"People are anxiously awaiting my decision as to who the next head of the Fed will be....
üé•https://t.co/PEj1KNYcAO"
217,933448074348900354,-0.125,I have long given the order to help Argentina with the Search and Rescue mission of their missing submarine. 45 peo‚Ä¶ https://t.co/zl3PZApiTt
197,925686558304464897,-0.11388888888888891,"We are fighting hard for Merit Based immigration, no more Democrat Lottery Systems. We must get MUCH tougher (and smarter).  @foxandfriends"
239,931877599034388480,-0.10000000000000002,"Crooked Hillary Clinton is the worst (and biggest) loser of all time. She just can‚Äôt stop, which is so good for the‚Ä¶ https://t.co/dsLJX3x1M3"
236,932303108146892801,-0.1,"Now that the three basketball players are out of China and saved from years in jail, LaVar Ball, the father of LiAn‚Ä¶ https://t.co/371qJ1biwh"
82,922603042796654592,-0.1,We will never forget the 241 American service members killed by Hizballah in Beirut. They died in service to our na‚Ä¶ https://t.co/xd2GAvU0YP
9,925373392827666432,-0.1,‚ÄúStatement by President Trump on the Apprehension of Mustafa al-Imam for His Alleged Role in Benghazi Attacks‚Äù https://t.co/2U7WJmfGlM
258,930815626460921856,-0.1,Do you think the three UCLA Basketball Players will say thank you President Trump? They were headed for 10 years in jail!
11,925363340553211909,-0.1,"The biggest story yesterday, the one that has the Dems in a dither, is Podesta running from his firm. What he know about Crooked Dems is...."
178,926054936718307328,-0.09999999999999999,...There is also something appropriate about keeping him in the home of the horrible crime he committed. Should move fast. DEATH PENALTY!
166,926401530013642765,-0.07777777777777779,My Twitter account was taken down for 11 minutes by a rogue employee. I guess the word must finally be getting out-and having an impact.
230,932570628451954688,-0.07777777777777779,Marshawn Lynch of the NFL‚Äôs Oakland Raiders stands for the Mexican Anthem and sits down to boos for our National An‚Ä¶ https://t.co/5P18NSv8ZW
30,924382514613030912,-0.06666666666666667,"After strict consultation with General Kelly, the CIA and other Agencies, I will be releasing ALL #JFKFiles other than the names and..."
97,921726400922619904,-0.059999999999999984,Stock Market hits another all time high on Friday. 5.3 trillion dollars up since Election. Fake News doesn't spent much time on this!
225,933282274937733126,-0.05,"...LaVar, you could have spent the next 5 to 10 years during Thanksgiving with your son in China, but no NBA contra‚Ä¶ https://t.co/R7yb95fkUw"
159,926421589159182339,-0.05,"...Based on that, the Military has hit ISIS ""much harder"" over the last two days. They will pay a big price for every attack on us!"
25,924414387343028224,-0.05,"JFK Files are released, long ahead of schedule!"
234,932392209445457920,-0.05,"Shoplifting is a very big deal in China, as it should be (5-10 years in jail), but not to father LaVar. Should have‚Ä¶ https://t.co/TyDMChjEIM"
163,926406490763784194,-0.04285714285714286,"....People are angry.  At some point the Justice Department, and the FBI, must do what is right and proper. The American public deserves it!"
13,925335577217683456,-0.03333333333333333,"....came to the campaign. Few people knew the young, low level volunteer named George, who has already proven to be a liar. Check the DEMS!"
170,926247543801044993,-0.033333333333333326,Donna Brazile just stated the DNC RIGGED the system to illegally steal the Primary from Bernie Sanders. Bought and paid for by Crooked H....
180,925931294705545216,-0.03333333333333325,"NYC terrorist was happy as he asked to hang ISIS flag in his hospital room. He killed 8 people, badly injured 12. SHOULD GET DEATH PENALTY!"
277,930089374187950081,-0.030555555555555558,"I am proud of the Rep. House &amp; Senate for working so hard on cutting taxes {&amp; reform.} We‚Äôre getting close! Now, ho‚Ä¶ https://t.co/bPmeYwoMhU"
155,926481563214376961,-0.024999999999999994,"The rigged Dem Primary, one of the biggest political stories in years, got ZERO coverage on Fake News Network TV last night. Disgraceful!"
126,927852358209622016,-0.010000000000000002,".@EdWGillespie will totally turn around the high crime and poor economic performance of VA. MS-13 and crime will be gone. Vote today, ASAP!"
265,930742813599334402,-0.009595959595959616,"RT @realDonaldTrump: Unemployment is down to 4.1%, lowest in 17 years. 1.5 million new jobs created since I took office. Highest stock Mark‚Ä¶"
148,926789876556500992,-0.009595959595959616,"Unemployment is down to 4.1%, lowest in 17 years. 1.5 million new jobs created since I took office. Highest stock Market ever, up $5.4 trill"
110,928622838487007260,0.0,In the coming months and years ahead I look forward to building an even STRONGER relationship between the United St‚Ä¶ https://t.co/kHCeQSQDtk
99,921723302481145857,0.0,RT @IamVicky4Trump: TUNE IN: Maria Bartiromo Has an Exclusive Interview With President Trump https://t.co/H5VuJwy78o
219,933443640881569792,0.0,RT @FLOTUS: Preparations are underway to celebrate the holidays at the @WhiteHouse! https://t.co/N5qZ1NP8ez
209,933837062293291008,0.0,"ObamaCare premiums are going up, up, up, just as I have been predicting for two years. ObamaCare is OWNED by the De‚Ä¶ https://t.co/CfvGYklDsE"
106,928861178113040385,0.0,"Just landed in Da Nang, Vietnam to deliver a speech at #APEC2017"
103,928926863375794176,0.0,Today I am here to offer a renewed partnership with America -- to work together to strengthen the bonds of friendsh‚Ä¶ https://t.co/2IdSIlE3Ek
154,926484660946862085,0.0,"JOBS, JOBS, JOBS! https://t.co/twUNktGbnb"
102,928931835664465921,0.0,The United States is prepared to work with each of the leaders in this room today to achieve mutually beneficial co‚Ä¶ https://t.co/6hY41gFM5i
196,925688931823300609,0.0,"""Senator Chuck Schumer helping to import Europes problems"" said Col.Tony Shaffer. We will stop this craziness!  @foxandfriends"
112,928325667556548608,0.0,Congratulations to all of the ‚ÄùDEPLORABLES‚Äù and the millions of people who gave us a MASSIVE (304-227) Electoral Co‚Ä¶ https://t.co/cKVtPvEHOB
198,925684982307348480,0.0,"The terrorist came into our country through what is called the ""Diversity Visa Lottery Program,"" a Chuck Schumer beauty. I want merit based."
133,927715648477724672,0.0,"RT @AbeShinzo: „Éà„É©„É≥„ÉóÂ§ßÁµ±È†ò„Å´„Çà„Çã„ÄÅÂàù„ÅÆ„ÄÅÊ≠¥Âè≤ÁöÑ„Å™Êó•Êú¨Ë®™Âïè„ÅØ„ÄÅÈñìÈÅï„ÅÑ„Å™„Åè„ÄÅÊó•Á±≥ÂêåÁõü„ÅÆÊè∫„Çã„Åé„Å™„ÅÑÁµÜ„Çí‰∏ñÁïå„Å´Á§∫„Åô„Åì„Å®„Åå„Åß„Åç„Åæ„Åó„Åü„ÄÇ

Êú¨ÂΩì„Å´„ÅÇ„Çä„Åå„Å®„ÅÜ„ÄÅ„Éâ„Éä„É´„Éâ„ÄÇ„Åù„Åó„Å¶„ÄÅ„Ç¢„Ç∏„Ç¢Ê≠¥Ë®™„ÅÆÂ§ßÊàêÂäü„Çí„ÅäÁ•à„Çä„Åó„Å¶„ÅÑ„Åæ„Åô„ÄÇ

@realDonaldTrump https://t.‚Ä¶"
124,928016742575738882,0.0,Thank you to all Americans who participated in Nat'l Rx Drug Take Back Day. A record amount of drugs collected &amp; disposed. We can do this!
195,925716689064427520,0.0,#NYCStrong #USAüá∫üá∏ https://t.co/6K3Xw5P87d
193,925740081805217792,0.0,....for the Middle Class. The House and Senate should consider ASAP as the process of final approval moves along. Push Biggest Tax Cuts EVER
139,927523335956848640,0.0,#USAüá∫üá∏ #JapanüáØüáµ https://t.co/EvxFqAVnFS
120,928097146993369088,0.0,"The U.S., under my administration, is completely rebuilding its military, and they're spending hundreds of billions‚Ä¶ https://t.co/2sIwl0TH9x"
153,926492915626663939,0.0,The decision on Sergeant Bergdahl is a complete and total disgrace to our Country and to our Military.
119,928097817037627393,0.0,"The North Korean regime has pursued its nuclear &amp; ballistic missile programs in defiance of every assurance, agreem‚Ä¶ https://t.co/J7WklThu2q"
191,925818295462322184,0.0,Just spoke with @NYGovCuomo and @NYCMayor de Blasio to let them know that the federal government...
190,925818338172915712,0.0,@NYGovCuomo @NYCMayor ...fully supports any and all of their efforts with respect to the West Side attack. #NYCStrong
145,927007332743172098,0.0,"Just gave a speech to the great men and women at Yokota Air Base in Tokyo, Japan. Leaving to see Prime Minister Abe. https://t.co/6LRAgojvDB"
204,934026050388013056,0.0,"Can you believe that the disrespect for our Country, our Flag, our Anthem continues without penalty to the players.‚Ä¶ https://t.co/4hdK4d7KC7"
98,921724821939130369,0.0,People get what is going on! https://t.co/Pdg7VqQv6M
173,926185468911382529,0.0,"Broadcom's move to America=$20 BILLION of annual rev into U.S.A., $3+ BILLION/yr. in research/engineering &amp; $6 BILL‚Ä¶ https://t.co/0PUrl6k86K"
207,933917690552573952,0.0,RT @DeptofDefense: #HappyThanksgiving from @USArmy and @USNationalGuard #soldiers serving with Task Force Marauder in #Afghanistan. ü¶É https‚Ä¶
141,927265906086031363,0.0,"May God be w/ the people of Sutherland Springs, Texas. The FBI &amp; law enforcement are on the scene. I am monitoring the situation from Japan."
177,926139726129704960,0.0,"Congratulations to the Houston @Astros, 2017 #WorldSeries Champions‚öæÔ∏è#HoustonStrong #EarnHistory https://t.co/BP7OEzdhFi"
293,934189999045693441,0.0,"Time Magazine called to say that I was PROBABLY going to be named ‚ÄúMan (Person) of the Year,‚Äù like last year, but I‚Ä¶ https://t.co/yFDS5Pz9yB"
253,930982399202217984,0.0,Big vote tomorrow in the House. Tax cuts are getting close!
52,923557515828310020,0.0,Do not underestimate the UNITY within the Republican Party!
51,923566287263068161,0.0,Big news - Budget just passed!
250,931140567089721344,0.0,"China is sending an Envoy and Delegation to North Korea - A big move, we'll see what happens!"
96,921780758372642816,0.0,‚ÄúTrump hails liberation of Raqqa as critical breakthrough in anti-ISIS campaign‚Äù https://t.co/2eoYXJB7h0
254,930981685658902528,0.0,Why are Democrats fighting massive tax cuts for the middle class and business (jobs)? The reason: Obstruction and Delay!
46,923869147091451904,0.0,"Congratulations to @SpeakerRyan, @GOPLeader, @SteveScalise and to the Republican Party on Budget passage yesterday. Now for biggest Tax Cuts"
259,930751807101562881,0.0,Thank you! https://t.co/EQMwv1XbiM
41,923920535607828481,0.0,Thank you @FLGovScott. https://t.co/rgdU9plvFK
35,924064610038272000,0.0,#JFKFiles https://t.co/AnPBSJFh3J
34,924096747122634752,0.0,"‚ÄúWHAT HAPPENED‚Äù

‚ÄúHow Team Hillary played the press for fools on Russia‚Äù
‚û°Ô∏èhttps://t.co/GqpIidk017

NOW WE KNOW! https://t.co/SgWL1HZmkI"
249,931223807037263873,0.0,Need all on the UN Security Council to vote to renew the Joint Investigative Mechanism for Syria to ensure that Ass‚Ä¶ https://t.co/1fnmbOdhQR
269,930490487903084544,0.0,THANK YOU ASIA! #USAüá∫üá∏ https://t.co/FziKSbrzcu
28,924382919845666816,0.0,...in order to put any and all conspiracy theories to rest.
274,930304414564352000,0.0,"After my tour of Asia, all Countries dealing with us on TRADE know that the rules have changed. The United States h‚Ä¶ https://t.co/MoMNa1MUI3"
281,929717762422988801,0.0,Thank you! https://t.co/TD0rYcWN8C
15,925006418989715456,0.0,"....Also, there is NO COLLUSION!"
12,925336826717593600,0.0,I hope people will start to focus on our Massive Tax Cuts for Business (jobs) and the Middle Class (in addition to Democrat corruption)!
8,925388990177562625,0.0,Thank you @LuisRiveraMarin! https://t.co/BK7sDv9phU
6,925405818446663685,0.0,RT @IvankaTrump: We're working to make tax cuts &amp; the expanded Child Tax Credit a reality for American families. The time is now! #TaxRefor‚Ä¶
288,929492850101940225,0.0,"Will be doing a joint press conference in Hanoi, Vietnam then heading for final destination of trip, the Phillipines."
290,929326786709807105,0.0,"‚ÄúPresidential Proclamation Commemorating the 50th Anniversary of the Vietnam War‚Äù 
‚û°Ô∏èhttps://t.co/hgUQP9leqK 
‚û°Ô∏è‚Ä¶ https://t.co/xZ8AWnxDEA"
1,925490503218589696,0.0,"We must not allow ISIS to return, or enter, our country after defeating them in the Middle East and elsewhere. Enough!"
31,924284026394959872,0.0,Today is National Prescription Drug Take Back Day. Everyone can help fight the #OpioidEpidemic by participating!‚Ä¶ https://t.co/xOrimTGON5
248,931254609041068032,0.0,Congratulations to the House of Representatives for passing the #TaxCutsandJobsAct ‚Äî a big step toward fulfilling o‚Ä¶ https://t.co/gkn9aZ40Yf
165,926403023861141504,0.0,Everybody is asking why the Justice Department (and FBI) isn't looking into all of the dishonesty going on with Crooked Hillary &amp; the Dems..
223,933291745722351617,0.0,"RT @Realjmannarino: @realDonaldTrump The ungratefulness is something I‚Äôve never seen before. If you get someone‚Äôs son out of prison, he sho‚Ä¶"
90,921889525881819136,0.0,"...9 months than this Administration. Over 50 Legislation approvals, massive regulation cuts, energy freedom, pipelines, border security...."
220,933319309551685633,0.0,The @USNavy is conducting search and rescue following aircraft crash. We are monitoring the situation. Prayers for‚Ä¶ https://t.co/CX0C8dU4h7
84,922430688703451136,0.0,"Two dozen NFL players continue to kneel during the National Anthem, showing total disrespect to our Flag &amp; Country.  No leadership in NFL!"
77,922830229525225477,0.0,...the entire World WAS laughing and taking advantage of us. People like liddle' Bob Corker have set the U.S. way back. Now we move forward!
221,933301876975718401,0.0,Will be having meetings and working the phones from the Winter White House in Florida (Mar-a-Lago). Stock Market hi‚Ä¶ https://t.co/nfmwwXtyRy
228,933038654171344896,0.0,President Donald J. Trump and @FLOTUS Melania Participate in the Pardoning of the National Thanksgiving Turkey at t‚Ä¶ https://t.co/QkuaKB68Dp
72,923149037523566592,0.0,"The reason Flake and Corker dropped out of the Senate race is very simple, they had zero chance of being elected. Now act so hurt &amp; wounded!"
226,933280234220134401,0.0,"It wasn‚Äôt the White House, it wasn‚Äôt the State Department, it wasn‚Äôt father LaVar‚Äôs so-called people on the ground‚Ä¶ https://t.co/U895bwpOnK"
64,923272793457913857,0.0,Melania and I look forward to being with President Xi &amp; Madame Peng Liyuan in China in two weeks for what will hope‚Ä¶ https://t.co/TYNkL929s6
55,923546629935894530,0.0,RT @seanhannity: BOOM!!  Tick Tock https://t.co/8E2Lvj3TTa
241,931661592135168000,0.0,"Today, it was an honor to celebrate the Collegiate National Champions of 2016/2017 at the @WhiteHouse!‚Ä¶ https://t.co/EDZ5NjVfgq"
60,923360048771936256,0.0,RT @IvankaTrump: Working families need #TaxReform &amp; the time is now. This Administration is committed to ensuring all Americans can thrive‚Ä¶
57,923545771416449024,0.0,RT @PChowka: Fox News With Hannity's Help Regains Its Ratings Dominance By Peter Barry Chowka at The Hagmann report https://t.co/ICDMCZregu‚Ä¶
62,923312613584289792,0.0,"Texas @GovAbbott &amp; Lt. Gov. @DanPatrick,

Thank you for todays briefing on hurricane recovery efforts here in TX. K‚Ä¶ https://t.co/5lGb2FKLJ2"
128,927851387857367040,0.012500000000000011,"Ralph Northam will allow crime to be rampant in Virginia. He‚Äôs weak on crime, weak on our GREAT VETS, Anti-Second Amendment...."
108,928770248370728960,0.016666666666666677,My meetings with President Xi Jinping were very productive on both trade and the subject of North Korea. He is a hi‚Ä¶ https://t.co/WqDuLr1nyF
189,925833462426292226,0.01666666666666668,"Thank you to the GREAT NYPD, First Responders and all govt officials for having handled the terrible West Side atta‚Ä¶ https://t.co/wcjWahjCHF"
212,933692459351265280,0.018181818181818174,"Will be doing a live Thanksgiving Video Teleconference with Members of the Military at 9:00 A.M.  Afghanistan, Iraq‚Ä¶ https://t.co/1PfyK6f4DK"
162,926415703476928512,0.02727272727272727,The real story on Collusion is in Donna B's new book. Crooked Hillary bought the DNC &amp; then stole the Democratic Primary from Crazy Bernie!
160,926419647708258304,0.03333333333333336,"ISIS just claimed the Degenerate Animal who killed, and so badly wounded, the wonderful people on the West Side, was ""their soldier."" ....."
194,925739132579729420,0.037500000000000006,Wouldn't it be great to Repeal the very unfair and unpopular Individual Mandate in ObamaCare and use those savings for further Tax Cuts.....
284,929511061954297857,0.05,"Why would Kim Jong-un insult me by calling me ""old,"" when I would NEVER call him ""short and fat?"" Oh well, I try so‚Ä¶ https://t.co/PmsWNkH4r4"
272,930320191699017730,0.0625,I will be making a major statement from the @WhiteHouse upon my return to D.C. Time and date to be set.
101,928936220360503296,0.06666666666666667,The United States has been reminded time and again in recent years that economic security is not merely RELATED to‚Ä¶ https://t.co/62WsIAen7F
224,933285973277868032,0.06818181818181818,The NFL is now thinking about a new idea - keeping teams in the Locker Room during the National Anthem next season.‚Ä¶ https://t.co/tqZuHcaCyG
89,921891186352287744,0.08333333333333331,"...2nd Amendment, Strong Military, ISIS, historic VA improvement, Supreme Court Justice, Record Stock Market, lowest unemployment in 17 yrs!"
19,924649059520073730,0.09523809523809523,"All of this ""Russia"" talk right when the Republicans are making their big push for historic Tax Cuts &amp; Reform. Is this coincidental? NOT!"
199,925534445393928199,0.09722222222222222,"I have just ordered Homeland Security to step up our already Extreme Vetting Program. Being politically correct is fine, but not for this!"
20,924641278947622913,0.1,"...are now fighting back like never before. There is so much GUILT by Democrats/Clinton, and now the facts are pouring out. DO SOMETHING!"
42,923905540291522560,0.1,"It is now commonly agreed, after many months of COSTLY looking, that there was NO collusion between Russia and Trump. Was collusion with HC!"
92,921871707564101632,0.1,"Just out, but lightly reported: ""Fewest jobless claims since 1973 show firm U.S. Job Market"" Lowest since March 1973. @bpolitics"
66,923244308848881665,0.1,Just interviewed by @LouDobbs. Will be aired tonight at 7pmE on @FoxBusiness. #Dobbs
271,930346433177378817,0.10000000000000003,One of the most accurate polls last time around. But #FakeNews likes to say we‚Äôre in the 30‚Äôs. They are wrong. Some‚Ä¶ https://t.co/1zCve1fACN
184,925910265060831232,0.10833333333333334,The United States will be immediately implementing much tougher Extreme Vetting Procedures. The safety of our citizens comes first!
143,927075137131896832,0.11666666666666665,It was a true honor to be at Yokota Air Base with our GREAT @USForcesJapan! https://t.co/KEXnIkkQks
222,933292289211772929,0.12558035714285712,"RT @IngrahamAngle: ‚ÄúFar right‚Äù? You mean ‚Äúright so far,‚Äù as in @realDonaldTrump has been right so far abt how to kick the economy into high‚Ä¶"
123,928064591665467393,0.13125,"Getting ready to make a major speech to the National Assembly here in South Korea, then will be headed to China whe‚Ä¶ https://t.co/mEfWXmpzRw"
169,926249604936556545,0.13125,....This is real collusion and dishonesty. Major violation of Campaign Finance Laws and Money Laundering - where is our Justice Department?
93,921848853090983938,0.13333333333333333,"Crooked Hillary Clinton spent hundreds of millions of dollars more on Presidential Election than I did. Facebook was on her side, not mine!"
0,925497025386500096,0.13636363636363635,"My thoughts, condolences and prayers to the victims and families of the New York City terrorist attack. God and your country are with you!"
121,928083235040579584,0.13636363636363635,"Join me LIVE in South Koreaüá∫üá∏üá∞üá∑
#NationalAssembly #POTUSinAsia 
‚û°Ô∏èhttps://t.co/M3iEhPdkas https://t.co/hSxdtd2UnY"
168,926259330474704900,0.15000000000000002,The @TuckerCarlson opening statement about our once cherished and great FBI was so sad to watch. James Comey's leadership was a disaster!
79,922817539251556353,0.15000000000000002,"Isn't it sad that lightweight Senator Bob Corker, who couldn't get re-elected in the Great State of Tennessee, will now fight Tax Cuts plus!"
53,923552633633337344,0.15625,"Ed Gillespie will be a great Governor of Virginia. His opponent doesn't even show up to meetings/work, and will be VERY weak on crime!"
18,924963492645437441,0.16666666666666666,"Report out that Obama Campaign paid $972,000 to Fusion GPS. The firm also got $12,400,000 (really?) from DNC. Nobody knows who OK'd!"
188,925845735089889280,0.18,Thanks to @SenateMajLdr McConnell and the @SenateGOP we are appointing high-quality Federal District...
54,923551572218572802,0.18333333333333338,"Ed Gillespie will turn the really bad Virginia economy #'s around, and fast. Strong on crime, he might even save our great statues/heritage!"
158,926456069047582721,0.19642857142857142,Bernie Sanders supporters have every right to be apoplectic of the complete theft of the Dem primary by Crooked Hillary!
40,923925428372492288,0.19833333333333336,"Diane Black of Tennessee, the highly respected House Budget Committee Chairwoman, did a GREAT job in passing Budget, setting up big Tax Cuts"
149,926783758530781184,0.19999999999999998,RT @IvankaTrump: Touched by the warm hospitality of Prime Minister Abe and the Japanese people. „ÅÇ„Çä„Åå„Å®„ÅÜ„Åî„Åñ„ÅÑ„Åæ„Åô [Thank you]! Until next time üáØüáµ‚Ä¶
69,923165619868131329,0.2,"Jeff Flake, with an 18% approval rating in Arizona, said ""a lot of my colleagues have spoken out."" Really, they just gave me a standing O!"
229,932578255810498560,0.2,Under President Trump unemployment rate will drop below 4%.  Analysts predict economic boom for 2018!  @foxandfriends and @Varneyco
289,929492038231429120,0.2,President Xi of China has stated that he is upping the sanctions against #NoKo. Said he wants them to denuclearize. Progress is being made.
186,925860866767163393,0.2,"CHAIN MIGRATION must end now! Some people come in, and they bring their whole family with them, who can be truly ev‚Ä¶ https://t.co/g0RgPIG2K3"
70,923150966551171073,0.20166666666666666,"Working hard on the biggest tax cut in U.S. history. Great support from so many sides. Big winners will be the middle class, business &amp; JOBS"
266,930742717721739264,0.225,"RT @PChowka: Sean Hannity's Big Week - Top Ratings, Probing Reporting, and Let There Be Light at American Thinker https://t.co/b0RxpZd3Lb h‚Ä¶"
63,923277142271684609,0.225,The long anticipated release of the #JFKFiles will take place tomorrow. So interesting!
251,931123400810037248,0.23000000000000004,"....your release possible and, HAVE A GREAT LIFE! Be careful, there are many pitfalls on the long and winding road of life!"
44,923876612013248512,0.23333333333333336,JFK Files are being carefully released. In the end there will be great transparency. It is my hope to get just about everything to public!
146,926973117708296192,0.23333333333333336,I am landing shortly. Can‚Äôt wait to be with our GREAT MILITARY. See you soon! https://t.co/AVLrrOxmm4
247,931355543096233985,0.23750000000000002,"Big win today in the House for GOP Tax Cuts and Reform, 227-205. Zero Dems, they want to raise taxes much higher, but not for our military!"
215,933658521828315136,0.25,"HAPPY THANKSGIVING, your Country is starting to do really well. Jobs coming back, highest Stock Market EVER, Milita‚Ä¶ https://t.co/JmdSe29W8E"
279,930050967067820032,0.25,Will be leaving the Philippines tomorrow after many days of constant mtgs &amp; work in order to #MAGA! My promises are rapidly being fulfilled.
245,931360196554821632,0.25,.And to think that just last week he was lecturing anyone who would listen about sexual harassment and respect for women. Lesley Stahl tape?
116,928124338343202816,0.26,Leaving South Korea now heading to China. Looking very much forward to meeting and being with President Xi!
218,933446283632824321,0.26,51 Million American to travel this weekend - highest number in twelve years (AAA). Traffic and airports are running very smoothly!  @FoxNews
157,926456409260285952,0.2619047619047619,"I always felt I would be running and winning against Bernie Sanders, not Crooked H, without cheating, I was right."
147,926793510723796993,0.26545454545454544,Would very much appreciate Saudi Arabia doing their IPO of Aramco with the New York Stock Exchange. Important to the United States!
164,926404584456773632,0.2681818181818182,"...New Donna B book says she paid for and stole the Dem Primary. What about the deleted E-mails, Uranium, Podesta, the Server, plus, plus..."
181,925925920304779264,0.27045454545454545,"Great mtg w/ @Cabinet today. Tomorrow, I will be announcing the new head of the Fed. I think you will be extremely‚Ä¶ https://t.co/dKtJBjGlYe"
152,926580912036466690,0.275,Getting ready to land in Hawaii. Looking so much forward to meeting with our great Military/Veterans at Pearl Harbor!
227,933105158275325952,0.28409090909090906,"Today, we continued a wonderful American Tradition at the White House. Drumstick and Wishbone will live out their d‚Ä¶ https://t.co/kATC8YVCyz"
48,923866515358789633,0.28750000000000003,"Wacky &amp; totally unhinged Tom Steyer, who has been fighting me and my Make America Great Again agenda from beginning, never wins elections!"
276,930259298407419904,0.29375,"Excited to be heading home to see the House pass a GREAT Tax Bill with the middle class getting big TAX CUTS!

#MakeAmericaGreatAgainüá∫üá∏"
56,923546192511946752,0.3,Will be another Sean success! https://t.co/SlNTENvJLA
50,923662988833427458,0.3,"Effective today, my administration officially declared the #OpioidCrisis a NATIONAL PUBLIC HEALTH EMERGENCY under f‚Ä¶ https://t.co/0DF0lnfKJG"
87,922070659093671936,0.3,"Wacky Congresswoman Wilson is the gift that keeps on giving for the Republican Party, a disaster for Dems. You watch her in action &amp; vote R!"
208,933917415028772864,0.3,"RT @Scavino45: Today, @POTUS @realDonaldTrump and @FLOTUS Melania visit the @USCG at the Lake Worth Inlet Station, in Riviera Beach, Florid‚Ä¶"
137,927645648685551616,0.3,"My visit to Japan and friendship with PM Abe will yield many benefits, for our great Country. Massive military &amp; energy orders happening+++!"
136,927648870796070912,0.30833333333333335,"Getting ready to leave for South Korea and meetings with President Moon, a fine gentleman. We will figure it all out!"
4,925440868575797252,0.3181818181818182,‚ÄúHome Prices Reach New All-Time Highs in August‚Äù Read more: https://t.co/XzJiZgGQ8R https://t.co/STBtR6mO2j
243,931477193255014400,0.3333333333333333,"If Democrats were not such obstructionists and understood the power of lower taxes, we would be able to get many of their ideas into Bill!"
202,934031535757582336,0.3333333333333333,"After Turkey call I will be heading over to Trump National Golf Club, Jupiter, to play golf (quickly) with Tiger Wo‚Ä¶ https://t.co/QIHCtDSqgV"
113,928286153672970240,0.35,Looking forward to a full day of meetings with President Xi and our delegations tomorrow. THANK YOU for the beautif‚Ä¶ https://t.co/lSC21tvK3w
179,926053970535243777,0.35,Would love to send the NYC terrorist to Guantanamo but statistically that process takes much longer than going through the Federal system...
29,924382752941756421,0.35,"...addresses of any mentioned person who is still living. I am doing this for reasons of full disclosure, transparency and..."
273,930305984077156352,0.35,"Just arrived at #ASEAN50 in the Philippines for my final stop with World Leaders. Will lead to FAIR TRADE DEALS, un‚Ä¶ https://t.co/ExRBdQnJru"
267,930742569092435968,0.35000000000000003,"RT @realDonaldTrump: Thank you to our GREAT Military/Veterans and @PacificCommand.

Remember #PearlHarbor. Remember the @USSArizona!

A day‚Ä¶"
150,926707692395102219,0.35000000000000003,"Thank you to our GREAT Military/Veterans and @PacificCommand.

Remember #PearlHarbor. Remember the @USSArizona!

A‚Ä¶ https://t.co/30rtKwqU98"
74,922951009277825024,0.3666666666666667,So nice being with Republican Senators today. Multiple standing ovations! Most are great people who want big Tax Cuts and success for U.S.
176,926155393490878464,0.375,I am calling on Congress to TERMINATE the diversity visa lottery program that presents significant vulnerabilities‚Ä¶ https://t.co/GcHKCxTNyF
104,928922787938385920,0.375,"In more and more places throughout this region, citizens of SOVEREIGN and INDEPENDENT nations have taken greater co‚Ä¶ https://t.co/RoZxYEdh9m"
264,930743631954305024,0.375,"RT @Scavino45: 20,295 miles later #POTUSinAsia has successfully concluded as @POTUS @realDonaldTrump lands on the South Lawn of @WhiteHouse‚Ä¶"
91,921888248707846144,0.3833333333333333,"I agree getting Tax Cuts approved  is important (we will also get HealthCare), but perhaps no Administration has done more in its first....."
24,924625061100867584,0.3833333333333333,"As usual, the ObamaCare premiums will be up (the Dems own it), but we will Repeal &amp; Replace and have great Healthcare soon after Tax Cuts!"
183,925913030159937537,0.3888888888888889,It is finally happening for our great clean coal miners! https://t.co/suAnjs6Ccz
33,924249943719727104,0.3890625,Very little reporting about the GREAT GDP numbers announced yesterday (3.0 despite the big hurricane hits). Best consecutive Q's in years!
167,926260114146889728,0.4,I will be interviewed by @IngrahamAngle on @FoxNews at 10:00. Enjoy!
100,928969836897583104,0.4,"On behalf of an entire nation, Happy 242nd Birthday to the men and women of the United States Marines!
#USMC242‚Ä¶ https://t.co/EDmzIuB09r"
88,922067676708638721,0.4,Doing interview today with Maria Bartiromo at 10:00 A.M. on @FoxNews - ENJOY!
61,923320000185847808,0.4,Interview with @LouDobbs coming up at 7pmE on @FoxBusiness. Enjoy! https://t.co/9V9z015kVl
252,931122234437046272,0.4,"To the three UCLA basketball players I say:  You're welcome, go out and give a big Thank You to President Xi Jinping of China who made....."
275,930301344342265857,0.4,Great to see @RandPaul looking well and back on the Senate floor. He will help us with TAX CUTS and REFORM!
172,926216279287042048,0.4,"Today, it was my pleasure and great honor to announce my nomination of Jerome Powell to be the next Chairman of the‚Ä¶ https://t.co/32kLFYbbuq"
65,923268967728386049,0.42666666666666664,"Spoke to President Xi of China to congratulate him on his extraordinary elevation. Also discussed NoKo &amp; trade, two very important subjects!"
278,930087113764327424,0.43333333333333335,"Happy to announce, I am nominating Alex Azar to be the next HHS Secretary. He will be a star for better healthcare and lower drug prices!"
71,923149793974775810,0.43333333333333335,"The meeting with Republican Senators yesterday, outside of Flake and Corker, was a love fest with standing ovations and great ideas for USA!"
117,928105793366392832,0.45,"Together, we dream of a Korea that is free, a peninsula that is safe, and families that are reunited once again! https://t.co/9tsZRCC83j"
257,930836707095863296,0.45,"The failing @nytimes hates the fact that I have developed a great relationship with World leaders like Xi Jinping, President of China....."
237,931882145181773826,0.45,RT @greta: Thank you @realDonaldTrump - this is important to so many of us https://t.co/zJAfZByQKX
85,922428118685581313,0.4666666666666666,"There will be NO change to your 401(k). This has always been a great and popular middle class tax break that works, and it stays!"
262,930747213659197441,0.475,".@foxandfriends will be showing much of our successful trip to Asia, and the friendships &amp; benefits that will endure for years to come!"
291,929320777668628480,0.475,"On this wonderful Veterans Day, I want to express the incredible gratitude of the entire American Nation to our GRE‚Ä¶ https://t.co/MhHOaVTAWC"
130,927847349648609280,0.48000000000000004,Stock market hit yet another all-time record high yesterday. There is great confidence in the moves that my Administration....
22,924637600094326784,0.5,"...the Uranium to Russia deal, the  33,000 plus deleted Emails, the Comey fix and so much more. Instead they look at phony Trump/Russia,...."
175,926157911151214592,0.5,Congress must end chain migration so that we can have a system that is SECURITY BASED! We need to make AMERICA SAFE‚Ä¶ https://t.co/nxEDGfXlV9
263,930744931609694208,0.5,Our great country is respected again in Asia. You will see the fruits of our long but successful trip for many years to come!
5,925424931390873602,0.5,"""Consumer Confidence Hits Highest Level Since December 2000"" Read more: https://t.co/w7WkcobFun https://t.co/nLo5XCnuIx"
38,924011278804357120,0.5,.@FoxNews Chris Wallace: ‚ÄúMore evidence of Dem collusion with Russia than GOP‚Äù https://t.co/nACQerJSiu
161,926417546038923264,0.5,"Pocahontas just stated that the Democrats, lead by the legendary Crooked Hillary Clinton, rigged the Primaries! Lets go FBI &amp; Justice Dept."
59,923365521847934976,0.5,"This will be the biggest TAX CUT in the history of our country - and we need it! #TaxReform 
Read more:‚Ä¶ https://t.co/1qDeHBLabT"
187,925845770724618240,0.5,@SenateMajLdr @SenateGOP ...and Appeals Court Judges at a record clip! Our courts are rapidly changing for the better!
75,922903426434064384,0.5,"‚ÄúPresident Donald J. Trump Proclaims October 24, 2017, as United Nations Day‚Äù Read more: https://t.co/cyRAQAKhy2 https://t.co/HVD0kLYlBk"
216,933517194142584833,0.5,....And it will get even better with Tax Cuts! https://t.co/75wozGJQoP
171,926238774773862400,0.5063492063492063,"Great Tax Cut rollout today. The lobbyists are storming Capital Hill, but the Republicans will hold strong and do what is right for America!"
256,930837616714571776,0.5249999999999999,"...They should realize that these relationships are a good thing, not a bad thing. The U.S. is being respected again. Watch Trade!"
135,927672843504177152,0.525,"I have great confidence in King Salman and the Crown Prince of Saudi Arabia, they know exactly what they are doing...."
185,925907651350941696,0.5333333333333333,Just spoke to President Macri of Argentina about the five proud and wonderful men killed in the West Side terror attack. God be with them!
292,934507210385829888,0.5333333333333333,"Happy #SmallBusinessSaturday!

A great day to support your community and America‚Äôs JOB creators by shopping locally‚Ä¶ https://t.co/a0fME8HRXT"
125,927906208203276288,0.5333333333333333,"Franklin, such a great photo. 

HAPPY 99th BIRTHDAY to your father, @BillyGraham! https://t.co/l0c7RvvOa1"
76,922833943749103621,0.5349999999999999,Stock Market just hit another record high! Jobs looking very good.
142,927077305876434945,0.5666666666666667,Heading into the 12 days with great negotiating strength because of our tremendous economy. https://t.co/4HnXkR3EhW
244,931469365538672640,0.6,"Great numbers on Stocks and the Economy. If we get Tax Cuts and Reform, we'll really see some great results!"
270,930362633852735488,0.6000000000000001,THANK YOU to the amazing staff and their families of the United States Embassy in the Philippines. Keep up the GREA‚Ä¶ https://t.co/qL8BBq3GOs
151,926647019455766528,0.6125,Thank you for such a beautiful welcome Hawaii. My great honor to visit @PacificCommand upon arrival. Heading to Pea‚Ä¶ https://t.co/Yr6OZitxGR
111,928519663780208640,0.64,"President Xi, thank you for such an incredible welcome ceremony. It was a truly memorable and impressive display! üì∏‚Ä¶ https://t.co/Jbj5TWhCla"
43,923894747793580033,0.65,Happy birthday to the great @TheLeeGreenwood. You and your beautiful song have made such a difference. MAKE AMERICA GREAT AGAIN!
83,922440008971292672,0.65,"I had a very respectful conversation with the widow of Sgt. La David Johnson, and spoke his name from beginning, without hesitation!"
7,925394079982280704,0.65,"Wishing everyone a safe and Happy Halloween!
#Halloween2017 https://t.co/BRpgXVRI8Y"
210,933831194558582784,0.6666666666666666,"My great honor to join our incredible men and women of the @USCG, at the Lake Worth Inlet Station, in Riviera Beach‚Ä¶ https://t.co/x3XZJA9DiF"
105,928918183104225280,0.7,"Throughout my travels, I've had the pleasure of sharing the good news from America. I've had the honor of sharing o‚Ä¶ https://t.co/eGkJAZaPuU"
174,926176823117074433,0.7,"Today, we are thrilled to welcome @Broadcom CEO Hock Tan to the WH to announce he is moving their HQ‚Äôs from Singapo‚Ä¶ https://t.co/iSUzEbrn0c"
287,929503025512693760,0.7,Met with President Putin of Russia who was at #APEC meetings. Good discussions on Syria. Hope for his help to solve‚Ä¶ https://t.co/eOt8rDcpeY
286,929503641014112256,0.7,"When will all the haters and fools out there realize that having a good relationship with Russia is a good thing, n‚Ä¶ https://t.co/tPCd8nSwY3"
67,923237600009342978,0.7333333333333334,"Congrats to @Reince Priebus, a really good and talented man. We‚Äôre proud of you Reince! https://t.co/7AsjAMrSnV"
45,923871062072295427,0.7333333333333334,Good luck to @Joy_Villa on her decision to enter the wonderful world of politics. She has many fans!
213,933662564587855877,0.8,MAKE AMERICA GREAT AGAIN!
235,932388590344196096,0.8,"Sen. Jeff Flake(y), who is unelectable in the Great State of Arizona (quit race, anemic polls) was caught (purposel‚Ä¶ https://t.co/ch8x9i4qN7"
17,924966722544848896,0.8,Great job by MichaelCaputo on @foxandfriends.
283,929655283181391874,0.8,"Just landed in the Philippines after a great day of meetings and events in Hanoi, Vietnam! https://t.co/YxHRNhhPWo"
280,930049882949345281,0.8,"Great day of bilateral meetings at #ASEANSummit on trade, which we are turning around to be great deals for our cou‚Ä¶ https://t.co/n7g7Zvo9pl"
68,923212567232774145,0.8,MAKE AMERICA GREAT AGAIN! https://t.co/CbEwJSQ1A3
58,923392161634275328,0.8,"Together, we will Make America Great Again!
#AmericaFirstüá∫üá∏ https://t.co/ajiC3flNkI"
214,933659179348299776,0.8,@ThePlumLineGS MAKE AMERICA GREAT AGAIN!
47,923866849451888640,0.8,Thank you @foxandfriends. Really great job and show!
182,925916863401480192,0.8,"Happy birthday to @garyplayer, a truly great Champion and Person!"
115,928267692645036032,0.8,"On behalf of @FLOTUS Melania and I, THANK YOU for an unforgettable¬†afternoon and evening¬†at the¬†Forbidden City in B‚Ä¶ https://t.co/Q9H0MPdIvU"
205,933921775984967681,0.8,Two great people! https://t.co/5cVnMhnmuH
27,924397489037430784,0.8,"Happy #FirstRespondersDay to all of our HEROES out there. We are forever grateful to you for your service, sacrific‚Ä¶ https://t.co/UpEh9uZ9fu"
206,933918671503753216,0.8,A great guy (with great ratings)! https://t.co/S0S6xqrjSC
36,924056425298571265,0.8,"Happy Birthday @TheLeeGreenwood!
#FlashbackFriday https://t.co/MCrMK6Eurm"
211,933720598383026176,0.8,HAPPY THANKSGIVING! https://t.co/nQhi7XopMW
131,927844454957850625,0.85,Thank you to President Moon of South Korea for the beautiful welcoming ceremony. It will always be remembered. https://t.co/bMvJz1iV2a
132,927802776737984513,0.8500000000000001,"It was my great honor to have lunch with our INCREDIBLE U.S. and ROK troops at Camp Humphreys, in South Korea. üá∫üá∏üá∞üá∑‚Ä¶ https://t.co/QJtVR498yK"
268,930657178544984066,0.8875000000000001,Just returned from Asia after 12 very successful days. Great to be home!
140,927397233741492225,1.0,...Americans do what we do best: we pull together. We join hands. We lock arms and through the tears and the sadnes‚Ä¶ https://t.co/CTtTeWjVHX
282,929670192434745344,1.0,"We had a wonderful visit to Vietnam, thank you President Tran Dai Quang! Heading to the #ASEANSummit 50th Anniv Gal‚Ä¶ https://t.co/s5gIKMqt50"
144,927059219370643456,1.0,"Playing golf with Prime Minister Abe and Hideki Matsuyama, two wonderful people! https://t.co/vYLULe0o2K"
